filename,width,height,class,xmin,ymin,xmax,ymax
001.jpg,640,640,spider_logo,181,236,409,376
002.jpg,640,640,spider_logo,294,319,529,439
004.jpg,640,640,spider_logo,196,324,308,476
005.jpg,640,640,spider_logo,104,361,351,510
006.jpg,640,640,spider_logo,95,222,405,416
009.jpg,640,640,spider_logo,164,208,373,530
011.jpg,640,640,spider_logo,379,331,524,540
012.jpg,640,640,spider_logo,188,184,392,488
013.jpg,640,640,spider_logo,177,428,389,609
015.jpg,640,640,spider_logo,261,238,490,512
019.jpg,640,640,spider_logo,240,281,411,472
020.jpg,640,640,spider_logo,293,250,420,503
021.jpg,640,640,spider_logo,197,369,384,531
023.jpg,640,640,spider_logo,383,324,492,430
026.jpg,640,640,spider_logo,129,168,443,384
029.jpg,640,640,spider_logo,331,408,459,510
031.jpg,640,640,spider_logo,248,303,362,457
032.jpg,640,640,spider_logo,75,240,528,549
103.jpg,640,640,flip-flop_logo,184,118,624,443
104.jpg,640,640,lizard_logo,84,11,485,584
111.jpg,640,640,spider_logo,383,240,462,357
115.jpg,640,640,spider_logo,143,198,510,507
116.jpg,640,640,wheel_logo,294,300,381,377
117.jpg,640,640,wheel_logo,229,246,390,367
120.jpg,640,640,wheel_logo,248,275,383,375
121.jpg,640,640,wheel_logo,121,295,210,372
127.jpg,640,640,wheel_logo,123,282,208,374
131.jpg,640,640,lizard_logo,218,181,458,355
134.jpg,640,640,lizard_logo,112,115,392,528
135.jpg,640,640,lizard_logo,310,205,415,423
136.jpg,640,640,lizard_logo,227,247,346,459
138.jpg,640,640,lizard_logo,182,241,310,490
139.jpg,640,640,lizard_logo,106,112,385,472
142.jpg,640,640,lizard_logo,108,387,325,465
143.jpg,640,640,lizard_logo,202,77,427,291
145.jpg,640,640,lizard_logo,160,265,520,516
146.jpg,640,640,lizard_logo,271,234,546,435
147.jpg,640,640,lizard_logo,87,45,523,453
148.jpg,640,640,lizard_logo,132,84,495,527
149.jpg,640,640,wheel_logo,233,239,391,366
150.jpg,640,640,wheel_logo,270,292,431,376
151.jpg,640,640,wheel_logo,268,209,436,317
152.jpg,640,640,wheel_logo,128,135,492,392
153.jpg,640,640,wheel_logo,50,79,405,360
155.jpg,640,640,wheel_logo,374,378,505,480
156.jpg,640,640,wheel_logo,376,409,507,486
157.jpg,640,640,wheel_logo,164,261,490,436
158.jpg,640,640,wheel_logo,244,242,356,315
159.jpg,640,640,wheel_logo,196,236,375,351
161.jpg,640,640,wheel_logo,289,302,399,365
163.jpg,640,640,wheel_logo,207,322,338,408
164.jpg,640,640,wheel_logo,242,239,371,392
166.jpg,640,640,wheel_logo,280,263,438,388
168.jpg,640,640,wheel_logo,76,389,300,472
170.jpg,640,640,wheel_logo,353,190,456,258
171.jpg,640,640,wheel_logo,269,150,384,184
172.jpg,640,640,wheel_logo,93,263,520,456
174.jpg,640,640,wheel_logo,311,465,409,503
175.jpg,640,640,wheel_logo,298,368,492,493
176.jpg,640,640,wheel_logo,115,249,388,422
177.jpg,640,640,wheel_logo,151,153,426,486
178.jpg,640,640,wheel_logo,174,291,338,491
180.jpg,640,640,flip-flop_logo,276,272,388,355
183.jpg,640,640,lizard_logo,365,154,567,493
186.jpg,640,640,lizard_logo,151,201,309,499
187.jpg,640,640,lizard_logo,186,76,448,298
188.jpg,640,640,lizard_logo,227,184,432,349
189.jpg,640,640,flip-flop_logo,287,305,407,390
191.jpg,640,640,flip-flop_logo,259,320,415,519
192.jpg,640,640,flip-flop_logo,295,247,357,342
193.jpg,640,640,flip-flop_logo,213,232,335,394
194.jpg,640,640,flip-flop_logo,354,270,486,441
195.jpg,640,640,flip-flop_logo,219,269,397,428
197.jpg,640,640,flip-flop_logo,262,340,418,538
198.jpg,640,640,flip-flop_logo,142,195,484,584
199.jpg,640,640,flip-flop_logo,203,263,467,543
200.jpg,640,640,flip-flop_logo,199,290,305,395
201.jpg,640,640,lizard_logo,188,163,472,530
202.jpg,640,640,lizard_logo,133,70,524,463
20200714030816_2021-Ford-Bronco-06.jpg,640,640,bronco_headlight,584,255,622,331
2021-ford-bronco-badlands_100790015_h.jpg,640,640,bronco_headlight,203,178,322,298
336lv0k0bw161.jpg,640,640,dinosaur,8,13,599,615
abc.jpg,640,640,bronco_headlight,159,228,240,296
abc.jpg,640,640,bronco_headlight,420,226,502,296
carlogo.jpg,640,640,wheel_logo,345,256,492,339
ccccc.jpeg,640,640,bronco_horse,136,192,277,395
csd.jpg,640,640,bronco_horse,183,212,280,378
cv.jpeg,640,640,lasso_rope,200,351,367,581
dd - Copy (2).jpg,640,640,wheel_logo,240,265,405,380
dd - Copy.jpg,640,640,wheel_logo,266,236,380,384
dd.jpg,640,640,wheel_logo,236,253,382,365
dda.jpg,640,640,wheel_logo,67,314,188,462
dino.jpg,640,640,dinosaur,53,81,557,486
ee.jpg,640,640,bronco_horse,216,362,451,559
ffa - Copy.jpg,640,640,wheel_logo,385,294,470,368
ffa.jpg,640,640,wheel_logo,276,384,338,478
fw1 - Copy.jpg,640,640,wheel_logo,253,258,340,397
fw1.jpg,640,640,wheel_logo,266,305,402,389
gg.png,640,640,bronco_headlight,380,287,466,344
index.jpg,640,640,dinosaur,172,205,445,509
jio.jpg,640,640,wheel_logo,300,470,324,486
jj.jpg,640,640,bronco_headlight,26,202,173,318
jk.jpg,640,640,bronco_horse,280,213,340,347
kk (1).jpeg,640,640,lasso_rope,195,350,368,581
kk (3).jpg,640,640,bronco_headlight,144,102,507,474
kk (4).jpg,640,640,lasso_rope,232,305,338,490
kk (5).jpg,640,640,bronco_horse,330,195,420,385
kk.jpg,640,640,lasso_rope,237,309,337,489
liz.jpg,640,640,lizard_logo,112,13,535,505
mh1.jpg,640,640,bronco_horse,302,208,359,345
mh2.jpg,640,640,bronco_horse,177,365,407,559
mh3.jpg,640,640,bronco_horse,362,211,449,379
mh4.jpg,640,640,bronco_horse,215,199,302,376
ml1.jpg,640,640,lizard_logo,333,249,435,483
ms1.jpg,640,640,spider_logo,239,261,328,483
ms2.jpg,640,640,spider_logo,116,321,356,426
ms3.jpg,640,640,spider_logo,287,379,533,504
mw1.jpg,640,640,wheel_logo,201,263,349,385
mw2.jpg,640,640,wheel_logo,240,251,389,337
pp.png,640,640,bronco_headlight,156,233,285,348
spid1.jpg,640,640,spider_logo,337,351,547,492
ssc.jpg,640,640,bronco_headlight,187,288,289,359
sssd1.jpg,640,640,wheel_logo,268,240,399,382
Untitled.jpg,640,640,bronco_headlight,150,247,249,365
vfs.jpg,640,640,bronco_headlight,136,303,200,356
vfs.jpg,640,640,bronco_headlight,307,295,362,340
wiel-jeep-.jpg,640,640,wheel_logo,405,427,423,458
