<annotation>
  <folder>train</folder>
  <filename>019.jpg</filename>
  <path>C:\Users\Administrator\Desktop\images\train\019.jpg</path>
  <source>
    <database>Unknown</database>
  </source>
  <size>
    <width>640</width>
    <height>640</height>
    <depth>3</depth>
  </size>
  <segmented>0</segmented>
  <object>
    <name>spider_logo</name>
    <pose>Unspecified</pose>
    <truncated>0</truncated>
    <difficult>0</difficult>
    <bndbox>
      <xmin>240</xmin>
      <ymin>281</ymin>
      <xmax>411</xmax>
      <ymax>472</ymax>
    </bndbox>
  </object>
</annotation>
