<annotation>
  <folder>train</folder>
  <filename>170.jpg</filename>
  <path>C:\Users\Administrator\Desktop\images\train\170.jpg</path>
  <source>
    <database>Unknown</database>
  </source>
  <size>
    <width>640</width>
    <height>640</height>
    <depth>3</depth>
  </size>
  <segmented>0</segmented>
  <object>
    <name>wheel_logo</name>
    <pose>Unspecified</pose>
    <truncated>0</truncated>
    <difficult>0</difficult>
    <bndbox>
      <xmin>353</xmin>
      <ymin>190</ymin>
      <xmax>456</xmax>
      <ymax>258</ymax>
    </bndbox>
  </object>
</annotation>
