<annotation>
  <folder>train</folder>
  <filename>20200714030816_2021-Ford-Bronco-06.jpg</filename>
  <path>C:\Users\Administrator\Desktop\images\train\20200714030816_2021-Ford-Bronco-06.jpg</path>
  <source>
    <database>Unknown</database>
  </source>
  <size>
    <width>640</width>
    <height>640</height>
    <depth>3</depth>
  </size>
  <segmented>0</segmented>
  <object>
    <name>bronco_headlight</name>
    <pose>Unspecified</pose>
    <truncated>0</truncated>
    <difficult>0</difficult>
    <bndbox>
      <xmin>584</xmin>
      <ymin>255</ymin>
      <xmax>622</xmax>
      <ymax>331</ymax>
    </bndbox>
  </object>
</annotation>
