<annotation>
  <folder>train</folder>
  <filename>2021-ford-bronco-badlands_100790015_h.jpg</filename>
  <path>C:\Users\Administrator\Desktop\images\train\2021-ford-bronco-badlands_100790015_h.jpg</path>
  <source>
    <database>Unknown</database>
  </source>
  <size>
    <width>640</width>
    <height>640</height>
    <depth>3</depth>
  </size>
  <segmented>0</segmented>
  <object>
    <name>bronco_headlight</name>
    <pose>Unspecified</pose>
    <truncated>0</truncated>
    <difficult>0</difficult>
    <bndbox>
      <xmin>203</xmin>
      <ymin>178</ymin>
      <xmax>322</xmax>
      <ymax>298</ymax>
    </bndbox>
  </object>
</annotation>
