<annotation>
  <folder>train</folder>
  <filename>336lv0k0bw161.jpg</filename>
  <path>C:\Users\Administrator\Desktop\images\train\336lv0k0bw161.jpg</path>
  <source>
    <database>Unknown</database>
  </source>
  <size>
    <width>640</width>
    <height>640</height>
    <depth>3</depth>
  </size>
  <segmented>0</segmented>
  <object>
    <name>dinosaur</name>
    <pose>Unspecified</pose>
    <truncated>0</truncated>
    <difficult>0</difficult>
    <bndbox>
      <xmin>8</xmin>
      <ymin>13</ymin>
      <xmax>599</xmax>
      <ymax>615</ymax>
    </bndbox>
  </object>
</annotation>
