<annotation>
  <folder>train</folder>
  <filename>abc.jpg</filename>
  <path>C:\Users\Administrator\Desktop\images\train\abc.jpg</path>
  <source>
    <database>Unknown</database>
  </source>
  <size>
    <width>640</width>
    <height>640</height>
    <depth>3</depth>
  </size>
  <segmented>0</segmented>
  <object>
    <name>bronco_headlight</name>
    <pose>Unspecified</pose>
    <truncated>0</truncated>
    <difficult>0</difficult>
    <bndbox>
      <xmin>420</xmin>
      <ymin>226</ymin>
      <xmax>502</xmax>
      <ymax>296</ymax>
    </bndbox>
  </object>
</annotation>
