<annotation>
  <folder>train</folder>
  <filename>ccccc.jpeg</filename>
  <path>C:\Users\Administrator\Desktop\images\train\ccccc.jpeg</path>
  <source>
    <database>Unknown</database>
  </source>
  <size>
    <width>640</width>
    <height>640</height>
    <depth>3</depth>
  </size>
  <segmented>0</segmented>
  <object>
    <name>bronco_horse</name>
    <pose>Unspecified</pose>
    <truncated>0</truncated>
    <difficult>0</difficult>
    <bndbox>
      <xmin>136</xmin>
      <ymin>192</ymin>
      <xmax>277</xmax>
      <ymax>395</ymax>
    </bndbox>
  </object>
</annotation>
