<annotation>
  <folder>train</folder>
  <filename>cv.jpeg</filename>
  <path>C:\Users\Administrator\Desktop\images\train\cv.jpeg</path>
  <source>
    <database>Unknown</database>
  </source>
  <size>
    <width>640</width>
    <height>640</height>
    <depth>3</depth>
  </size>
  <segmented>0</segmented>
  <object>
    <name>lasso_rope</name>
    <pose>Unspecified</pose>
    <truncated>0</truncated>
    <difficult>0</difficult>
    <bndbox>
      <xmin>200</xmin>
      <ymin>351</ymin>
      <xmax>367</xmax>
      <ymax>581</ymax>
    </bndbox>
  </object>
</annotation>
