<annotation>
  <folder>train</folder>
  <filename>ee.jpg</filename>
  <path>C:\Users\Administrator\Desktop\images\train\ee.jpg</path>
  <source>
    <database>Unknown</database>
  </source>
  <size>
    <width>640</width>
    <height>640</height>
    <depth>3</depth>
  </size>
  <segmented>0</segmented>
  <object>
    <name>bronco_horse</name>
    <pose>Unspecified</pose>
    <truncated>0</truncated>
    <difficult>0</difficult>
    <bndbox>
      <xmin>216</xmin>
      <ymin>362</ymin>
      <xmax>451</xmax>
      <ymax>559</ymax>
    </bndbox>
  </object>
</annotation>
