<annotation>
  <folder>train</folder>
  <filename>gg.png</filename>
  <path>C:\Users\Administrator\Desktop\images\train\gg.png</path>
  <source>
    <database>Unknown</database>
  </source>
  <size>
    <width>640</width>
    <height>640</height>
    <depth>3</depth>
  </size>
  <segmented>0</segmented>
  <object>
    <name>bronco_headlight</name>
    <pose>Unspecified</pose>
    <truncated>0</truncated>
    <difficult>0</difficult>
    <bndbox>
      <xmin>380</xmin>
      <ymin>287</ymin>
      <xmax>466</xmax>
      <ymax>344</ymax>
    </bndbox>
  </object>
</annotation>
