<annotation>
  <folder>train</folder>
  <filename>kk (3).jpg</filename>
  <path>C:\Users\Administrator\Desktop\images\train\kk (3).jpg</path>
  <source>
    <database>Unknown</database>
  </source>
  <size>
    <width>640</width>
    <height>640</height>
    <depth>3</depth>
  </size>
  <segmented>0</segmented>
  <object>
    <name>bronco_headlight</name>
    <pose>Unspecified</pose>
    <truncated>0</truncated>
    <difficult>0</difficult>
    <bndbox>
      <xmin>144</xmin>
      <ymin>102</ymin>
      <xmax>507</xmax>
      <ymax>474</ymax>
    </bndbox>
  </object>
</annotation>
