<annotation>
  <folder>train</folder>
  <filename>mh3.jpg</filename>
  <path>C:\Users\Administrator\Desktop\images\train\mh3.jpg</path>
  <source>
    <database>Unknown</database>
  </source>
  <size>
    <width>640</width>
    <height>640</height>
    <depth>3</depth>
  </size>
  <segmented>0</segmented>
  <object>
    <name>bronco_horse</name>
    <pose>Unspecified</pose>
    <truncated>0</truncated>
    <difficult>0</difficult>
    <bndbox>
      <xmin>362</xmin>
      <ymin>211</ymin>
      <xmax>449</xmax>
      <ymax>379</ymax>
    </bndbox>
  </object>
</annotation>
