<annotation>
  <folder>train</folder>
  <filename>pp.png</filename>
  <path>C:\Users\Administrator\Desktop\images\train\pp.png</path>
  <source>
    <database>Unknown</database>
  </source>
  <size>
    <width>640</width>
    <height>640</height>
    <depth>3</depth>
  </size>
  <segmented>0</segmented>
  <object>
    <name>bronco_headlight</name>
    <pose>Unspecified</pose>
    <truncated>0</truncated>
    <difficult>0</difficult>
    <bndbox>
      <xmin>156</xmin>
      <ymin>233</ymin>
      <xmax>285</xmax>
      <ymax>348</ymax>
    </bndbox>
  </object>
</annotation>
